Name;Category;Description;Recommendation;Impact
Спали ≥ 7 часов;Сон;Полноценный сон длительностью не менее 7 часов в сутки необходим для восстановления мозга и тела. Он включает важные фазы сна, такие как глубокий и REM-сон, которые способствуют улучшению памяти, регулированию эмоций и укреплению иммунной системы. Недостаток сна может привести к раздражительности, снижению концентрации и повышенному риску заболеваний.;Старайтесь ложиться спать в одно и то же время и обеспечьте себе 7–9 часов сна каждую ночь. Ограничьте использование экранов перед сном и создайте спокойную атмосферу в спальне — это поможет быстрее заснуть и улучшит качество сна.;5
Проснулись без будильника;Сон;Пробуждение без будильника означает, что ваше тело завершило все циклы сна естественным образом. Это говорит о сбалансированном режиме сна и внутреннем биологическом ритме. Такой режим способствует бодрости по утрам и улучшает когнитивные способности в течение дня.;Чтобы просыпаться без будильника, придерживайтесь регулярного графика сна — ложитесь и вставайте в одно и то же время. Избегайте кофеина и гаджетов за несколько часов до сна, чтобы улучшить засыпание и не сбивать внутренние часы.;4
Спали в полной темноте;Сон;Полная темнота во время сна способствует выработке мелатонина — гормона, который регулирует биологические ритмы и помогает организму заснуть и восстановиться. Даже слабый источник света может нарушать цикл сна, снижая его глубину и эффективность.;Используйте шторы-блэкаут, отключайте все источники света и при необходимости надевайте маску для сна. Исключение света в спальне поможет улучшить качество сна и сделать засыпание более быстрым и глубоким.;5
Не ели ≥ 4ч до сна;Сон;Поздний приём пищи нагружает пищеварительную систему, мешая телу расслабиться перед сном. Это может вызывать тяжесть, изжогу и частые пробуждения. Организм, который ещё переваривает пищу, не переходит в полноценный отдых.;Старайтесь ужинать не позже чем за 3–4 часа до сна. Выбирайте лёгкие блюда с низким содержанием жиров и избегайте переедания. Это снизит нагрузку на ЖКТ и улучшит качество сна.;4
Ложились в привычное время (+/- 30 мин);Сон;Соблюдение стабильного времени отхода ко сну помогает внутренним биологическим часам работать синхронно. Это делает засыпание предсказуемым, способствует более глубокому сну и облегчает пробуждение утром. Частые отклонения от графика могут нарушить ритмы и вызвать проблемы со сном.;Постарайтесь ложиться спать и просыпаться в одно и то же время, даже в выходные. Это укрепит биоритмы организма, сделает сон качественнее, а утреннее пробуждение — легче и приятнее.;5
Спали голым или в дышащей одежде;Сон;Ночью температура тела естественным образом понижается. Одежда, которая не сковывает и пропускает воздух, способствует эффективной терморегуляции. Это помогает спать глубже и предотвращает перегрев.;Выбирайте свободную, натуральную одежду для сна или спите без неё, если вам комфортно. Это особенно важно в жаркую погоду или при высоких нагрузках на работе или тренировках.;3
Избегали синего света перед сном (минимум 1ч);Вечерняя рутина;Синий свет от экранов телефонов, планшетов и компьютеров подавляет выработку мелатонина — гормона сна. Даже непродолжительное воздействие экрана может сбить биоритмы и затруднить засыпание. Чем ближе к сну вы смотрите в экран, тем выше риск бессонницы или поверхностного сна.;Минимизируйте использование телефонов и компьютеров за час до сна. Включите режим ночной подсветки или «тёплый» режим экрана, если необходимо использовать устройство вечером.;5
Принимали горячий душ перед сном;Вечерняя рутина;Тёплая вода помогает телу расслабиться и снизить мышечное напряжение. После горячего душа тело естественным образом снижает температуру, что способствует засыпанию. Это также может стать вечерним ритуалом, сигнализирующим мозгу, что пора готовиться ко сну.;Примите душ за 1–2 часа до сна, чтобы максимально использовать эффект расслабления. Не делайте воду слишком горячей, чтобы не перевозбудить тело.;4
Приглушали свет дома перед сном (минимум 1ч);Вечерняя рутина;Яркое освещение вечером обманывает мозг, заставляя его думать, что сейчас день. Это мешает выработке мелатонина и может сбить режим сна. Мягкий, тёплый свет помогает телу перейти в расслабленное состояние.;Около 1 часа перед сном приглушите свет: используйте лампы с тёплым свечением или ночники. Это поможет телу и мозгу плавно перейти в фазу сна.;5
Читали перед сном (бумажные или электронные книги);Вечерняя рутина;Чтение помогает переключиться с повседневных забот, снизить уровень стресса и отвлечься от гаджетов. Это может стать успокаивающим ритуалом, особенно если вы читаете в тишине и без яркого света.;Читайте бумажные книги или электронные с e-ink экраном (не планшет). Избегайте триллеров и напряжённых сюжетов — отдайте предпочтение спокойной, вдохновляющей литературе.;3
Избегали алкоголь перед сном (минимум 4ч);Вечерняя рутина;Хотя алкоголь может вызывать сонливость, он нарушает структуру сна, особенно фазы глубокого и REM-сна. Также он может вызывать обезвоживание и учащённые пробуждения ночью.;Откажитесь от алкоголя минимум за 4 часа до сна. Если выпили — пейте больше воды и постарайтесь не ложиться спать сразу после употребления алкоголя.;4
Избегали кофеин во второй половине дня;Вечерняя рутина;Кофеин может оставаться в организме до 8 часов и блокировать действие аденозина — вещества, вызывающего сонливость. Даже чашка кофе после обеда может нарушить засыпание и ухудшить качество сна.;Не употребляйте кофе, чёрный чай, энергетики и шоколад после 14–15 часов. Замените их на травяной чай или воду, особенно во второй половине дня.;4
Проветривали спальню перед сном;Вечерняя рутина;Свежий воздух снижает концентрацию углекислого газа в помещении, регулирует влажность и улучшает терморегуляцию. Это способствует более лёгкому засыпанию и глубокому сну.;Откройте окно на 10–15 минут перед сном. Даже кратковременное проветривание значительно улучшит качество воздуха и способствует расслаблению.;3
Делали растяжку перед сном;Вечерняя рутина;Лёгкая растяжка помогает снять мышечное напряжение, накопленное за день. Она активирует парасимпатическую нервную систему, которая отвечает за отдых и восстановление, тем самым подготавливая тело ко сну.;Перед сном выполните простые упражнения на растяжку: шея, спина, ноги. Не перегружайте себя — цель не тренировка, а расслабление.;3
Принимали холодный или контрастный душ;Утренняя рутина;Контрастный или холодный душ по утрам стимулирует кровообращение, активизирует нервную систему и помогает проснуться. Холодная вода запускает выработку норадреналина и эндорфинов, что повышает уровень энергии и улучшает настроение. Такая процедура также может улучшать иммунитет и укреплять сосуды.;Начинайте день с контрастного душа — чередуйте тёплую и холодную воду или попробуйте короткий холодный душ. Постепенно приучайте тело, начиная с тёплой воды и снижая температуру по мере адаптации.;3
Делали зарядку;Утренняя рутина;Утренняя физическая активность запускает обмен веществ, улучшает кровоток и помогает телу быстрее перейти в бодрое состояние. Даже 5–10 минут лёгких упражнений могут повысить концентрацию и уровень энергии на весь день. Регулярная зарядка также снижает уровень стресса и улучшает настроение.;Включите в утреннюю рутину простые упражнения: наклоны, повороты, прыжки, приседания или йогу. Делайте то, что доставляет удовольствие и не требует усилий — цель не нагрузка, а активация тела.;5
Принимали солнечные ванны (минимум 15 мин);Утренняя рутина;Утренний солнечный свет подавляет выработку мелатонина и активизирует выработку серотонина, что помогает пробуждению и улучшает настроение. Свет также синхронизирует внутренние биологические часы, поддерживая стабильный режим сна. Достаточное пребывание на солнце способствует выработке витамина D.;Проводите как минимум 15 минут утром на улице или у окна при естественном свете. Особенно важно это делать в первые 1–2 часа после пробуждения, чтобы улучшить бодрствование и поддерживать здоровье циркадных ритмов.;5
Гуляли на свежем воздухе (минимум 30 мин);Дневная рутина;Прогулки на свежем воздухе улучшают циркуляцию крови, снижают уровень стресса и повышают концентрацию. Дневной свет помогает поддерживать здоровые циркадные ритмы, особенно если вы работаете в помещении. Даже непродолжительное пребывание на улице положительно влияет на настроение и физическое состояние.;Старайтесь выходить на улицу минимум на 30 минут в день. Идеально — прогулка в парке или сквере в середине дня, когда свет максимально яркий и организм лучше воспринимает его как дневной сигнал.;5
Употребляли никотин;Дневная рутина;Никотин оказывает стимулирующее действие, но его регулярное употребление нарушает сердечно-сосудистую систему, повышает тревожность и влияет на сон. Он также вызывает зависимость, что приводит к регулярным скачкам настроения и энергии в течение дня. У курильщиков выше риск хронических заболеваний и снижен уровень кислорода в крови.;Если вы употребляете никотин, подумайте о снижении или полном отказе. Рассмотрите безопасные методы отказа: никотиновые пластыри, консультации специалистов, дыхательные практики или привычки-заменители вроде прогулок или воды.;-5
Занимались думскроллингом;Интернет и ТВ;Думскроллинг — это бесконтрольное потребление негативного контента в интернете, особенно новостей. Такая привычка может вызывать тревожность, подавленность и ощущение беспомощности. Часто человек погружается в ленту новостей или социальных сетей без осознания времени и эмоционального влияния.;Ограничьте время потребления новостного контента, особенно вечером. Установите таймер или лимит по времени, и старайтесь не начинать и не заканчивать день с телефона. Если замечаете тревожность — сделайте перерыв и переключитесь на что-то позитивное.;-5
Читали/смотрели новости;Интернет и ТВ;Потребление новостей помогает быть в курсе происходящего, но при этом может перегружать психику, особенно если новости негативные. Частое обращение к новостным лентам может создавать ощущение хаоса и усиливать стресс.;Выделите конкретное время для просмотра новостей и ограничьте источники до 1–2 проверенных. Избегайте новостей перед сном — они могут нарушить эмоциональный баланс и мешать засыпанию.;-2
Смотрели ТВ-программы;Интернет и ТВ;Просмотр телевизора или стриминговых сервисов может быть способом расслабления, но при длительном потреблении снижает активность, ухудшает концентрацию и может откладывать отход ко сну. Особенно негативно влияют яркий экран и эмоционально насыщенный контент поздно вечером.;Ограничьте продолжительность просмотра и избегайте включения ТВ на фоне в течение всего дня. Для отдыха выбирайте спокойный и вдохновляющий контент, особенно вечером.;0
Использовали очиститель воздуха;Домашняя обстановка;Очистители воздуха помогают снизить уровень пыли, аллергенов, бактерий и загрязнителей в помещении. Это особенно важно в городах, регионах с плохой экологией и в отопительный сезон. Чистый воздух может улучшить качество сна, уменьшить головные боли и раздражение дыхательных путей.;Используйте очиститель воздуха в спальне или рабочей зоне. Регулярно меняйте фильтры и следите за уровнем влажности, особенно если вы чувствительны к пыли или страдаете от аллергии.;3
Прошли >5.000 шагов;Физическая активность;Ходьба — одна из самых доступных и полезных форм физической активности. Более 5 000 шагов в день помогают поддерживать здоровье сердца, суставов и обмена веществ. Регулярная активность снижает уровень стресса и улучшает настроение.;Старайтесь ежедневно проходить не менее 5 000 шагов — даже короткие прогулки в течение дня дают эффект. Используйте трекер шагов или телефон, чтобы отслеживать активность и мотивировать себя.;5
Занимались быстрой ходьбой или другой кардио-активностью (минимум 15 мин);Физическая активность;Кардионагрузка разгоняет кровь, насыщает мозг кислородом и укрепляет сердечно-сосудистую систему. Быстрая ходьба, езда на велосипеде, танцы или аэробика повышают выносливость и снижают риск болезней сердца.;Найдите 15–30 минут в день для кардио — например, энергичной прогулки или подъёма по лестнице. Выбирайте то, что вам нравится — удовольствие важнее, чем интенсивность.;5
Делали силовую тренировку;Физическая активность;Силовые упражнения (собственный вес, гантели, тренажёры) развивают мышцы, улучшают метаболизм и предотвращают потерю мышечной массы с возрастом. Они также способствуют укреплению костей и ускорению сжигания жира.;Добавьте 2–3 силовых тренировки в неделю. Можно использовать простые упражнения: отжимания, приседания, планку. Главное — делать их регулярно и с правильной техникой.;5
Занимались плаванием;Физическая активность;Плавание развивает выносливость, укрепляет всё тело и щадяще воздействует на суставы. Оно помогает расслабить мышцы, улучшить осанку и снизить уровень стресса. Особенно полезно при болях в спине и сидячем образе жизни.;Плавайте хотя бы раз в неделю — это отличное дополнение к другой активности. Даже 20–30 минут плавания оказывают мощный оздоравливающий эффект.;4
Занимались бегом;Физическая активность;Бег — интенсивная кардионагрузка, которая укрепляет сердце, лёгкие и мышцы ног. Он способствует выработке эндорфинов, снижению уровня тревожности и улучшению сна. Регулярный бег помогает поддерживать здоровый вес.;Если вы новичок, начинайте с чередования ходьбы и лёгкого бега. Постепенно увеличивайте продолжительность. Используйте удобную обувь и бегайте в комфортных условиях, чтобы избежать травм.;3
Занимались сексом;Сексуальное здоровье;Регулярная сексуальная активность положительно влияет на эмоциональное и физическое здоровье. Она способствует снижению стресса, улучшению сна, выработке гормонов удовольствия (эндорфины, окситоцин) и может укреплять партнёрские отношения. Также умеренная сексуальная активность полезна для сердечно-сосудистой системы и иммунитета.;Если у вас есть партнёр — поддерживайте открытую и честную коммуникацию, чтобы совместная интимная жизнь приносила радость. Если нет — не беспокойтесь: качество важнее частоты, а эмоциональное состояние — важнее внешней нормы.;3
Мастурбировали;Сексуальное здоровье;Мастурбация — нормальная и безопасная форма сексуального самовыражения. Она помогает снять напряжение, лучше понять свои желания и может способствовать улучшению сна и настроения. При этом важно следить, чтобы привычка не превращалась в способ избегания эмоций или реальных проблем.;Старайтесь осознавать мотив — зачем вы это делаете. Если мастурбация мешает социальной жизни, работе или эмоциональному благополучию — стоит пересмотреть частоту и контекст.;0
Смотрели порно;Сексуальное здоровье;Просмотр порно может вызывать кратковременное удовольствие, но при частом употреблении способен искажать восприятие секса, вызывать привыкание или снижать удовлетворение от реальной близости. Также он может влиять на уровень дофамина и формировать зависимость от стимуляции.;Старайтесь осознанно относиться к потреблению эротического контента. Если чувствуете, что без него трудно возбудиться или снизилась мотивация к реальному общению — это повод сделать паузу и переосмыслить свои привычки.;-3
Ели мясо;Питание;Мясо является ценным источником белка, железа, цинка и витамина B12. Умеренное потребление помогает поддерживать мышечную массу и уровень энергии. Однако частое употребление красного или переработанного мяса может повышать риск хронических заболеваний.;Выбирай нежирные сорта мяса, такие как индейка или курица. Чередуй мясо с другими белковыми продуктами — рыбой, бобовыми и яйцами. Ограничь колбасы и полуфабрикаты.;1
Ели рыбу;Питание;Рыба — источник омега-3 жирных кислот, витамина D и белка. Регулярное потребление улучшает работу сердца, мозга и снижает воспалительные процессы. Особенно полезны жирные сорта рыбы.;Старайся есть рыбу минимум 2 раза в неделю. Отдавай предпочтение запечённой или приготовленной на пару рыбе, избегай частой жарки.;5
Ели морепродукты;Питание;Морепродукты богаты белком, йодом, селеном и цинком. Они полезны для щитовидной железы, иммунитета и обмена веществ. Большинство из них малокалорийны и легко усваиваются.;Добавляй в рацион мидии, креветки, кальмары и другие морепродукты 1–2 раза в неделю. Обрати внимание на свежесть и избегай блюд с обилием масла или панировки.;4
Ели фрукты;Питание;Фрукты содержат витамины, антиоксиданты и клетчатку. Они поддерживают иммунитет, здоровье кожи и пищеварение. Регулярное употребление фруктов снижает риск сердечно-сосудистых и онкологических заболеваний.;Ешь 2–3 порции фруктов в день. Отдавай предпочтение сезонным и местным сортам. Избегай фруктов в виде соков или с добавленным сахаром.;4
Ели овощи;Питание;Овощи богаты клетчаткой, витаминами и минералами. Они улучшают пищеварение, насыщают и способствуют контролю веса. Разноцветные овощи обеспечивают организм различными защитными веществами.;Добавляй овощи в каждый приём пищи. Стремись к 3–5 порциям в день, включая как свежие, так и приготовленные овощи.;5
Пили ≥ 1.5л чистой воды;Питание;Адекватная гидратация поддерживает обмен веществ, концентрацию внимания и здоровье кожи. Недостаток воды может вызывать усталость, головные боли и ухудшение пищеварения.;Пей в течение дня небольшими порциями. Ориентируйся на прозрачную мочу как признак нормального водного баланса. Избегай избыточного употребления сладких напитков.;5
Употребляли добавленный сахар;Питание;Избыточное потребление сахара связано с увеличением риска диабета, ожирения, сердечно-сосудистых заболеваний и воспалений. Добавленный сахар часто скрыт в готовых продуктах, напитках и соусах.;Сократи количество сахара в чае, кофе и десертах. Читай состав продуктов и избегай тех, где сахар — один из первых ингредиентов.;-4
Пили кофе;Питание;Кофе повышает уровень бодрости и концентрации, а также содержит антиоксиданты. Однако в больших количествах может вызывать тревожность, бессонницу и повышать давление.;Ограничь потребление 1–2 чашками в день и избегай кофе во второй половине дня. Отдавай предпочтение чёрному кофе без сахара и добавок.;-1
Ели молочные продукты;Питание;Молочные продукты содержат кальций, белок и витамины группы B. Они важны для костей, зубов и мышечной ткани. При непереносимости лактозы могут вызывать вздутие или дискомфорт.;Выбирай натуральные продукты без добавок — йогурт, кефир, сыр. При чувствительности к лактозе ищи безлактозные варианты или пробуй ферментированные молочные продукты.;1
Ели промышленно-переработанные продукты;Питание;Переработанные продукты часто содержат добавленный сахар, соль, консерванты и трансжиры. Их избыток в рационе повышает риск хронических заболеваний и нарушает пищевые привычки.;Старайся минимизировать готовые блюда, фастфуд, снеки и полуфабрикаты. Отдавай предпочтение цельным и минимально обработанным продуктам.;-4
Ели ферментированные продукты;Питание;Ферментированные продукты (кефир, йогурт, квашеная капуста) содержат пробиотики, которые поддерживают здоровье кишечника и иммунной системы. Они также улучшают пищеварение и усвоение питательных веществ.;Включай в рацион 1–2 порции ферментированных продуктов ежедневно. Следи за натуральным составом и избегай продуктов с высоким содержанием сахара и добавок.;4
Ели орехи и/или семена;Питание;Орехи и семена — источник полезных жиров, белка, клетчатки и микроэлементов. Они снижают уровень холестерина, поддерживают работу сердца и способствуют насыщению.;Добавляй небольшую горсть орехов или ложку семян в рацион ежедневно. Отдавай предпочтение несолёным и необжаренным вариантам.;4
Делали перекусы;Питание;Перекусы между основными приёмами пищи могут поддерживать уровень энергии, но при неправильном подходе ведут к перееданию и избытку сахара. Важно выбирать питательные и сбалансированные варианты.;Если перекусываешь — выбирай орехи, фрукты, йогурт или овощи. Избегай снеков, сладостей и выпечки с пустыми калориями.;-1
Соблюдали интервальное голодание >14ч;Питание;Интервальное голодание — режим питания, при котором приёмы пищи ограничены временным окном (например, 8 часов еды и 16 часов без). Такой подход может улучшать чувствительность к инсулину, снижать уровень воспаления и способствовать контролю веса.;Начинай с мягкого режима — 12/12 или 14/10. Важно, чтобы в период еды питание оставалось сбалансированным. Консультируйся с врачом при наличии хронических заболеваний.;2
Принимали магний;Добавки и медикаменты;Магний участвует в более чем 300 ферментативных реакциях в организме. Он необходим для работы мышц, нервной системы и нормализации сна. Дефицит магния может вызывать судороги, раздражительность и повышенную тревожность.;Принимай магний при симптомах нехватки или по рекомендации врача. Лучше усваиваются органические формы: цитрат, глицинат. Не превышай дозировку — избыток может вызвать диарею.;2
Общались с друзьями;Социальное окружение;Общение с близкими друзьями поддерживает эмоциональное здоровье, снижает уровень стресса и даёт ощущение поддержки. Даже короткий контакт может улучшить настроение и укрепить чувство принадлежности.;Находи время для общения с друзьями — лично, в мессенджерах или по телефону. Главное — эмоциональная вовлечённость и открытость в разговоре.;4
Проводили время с семьей;Социальное окружение;Тёплые отношения с семьёй способствуют чувству стабильности, защищённости и уверенности в жизни. Совместное время укрепляет связи и помогает справляться с трудностями.;Планируй совместные ужины, прогулки или звонки с членами семьи. Даже короткие моменты внимания создают ощущение близости.;4
Проводили время с партнером;Социальное окружение;Близость и качественное время с партнёром укрепляют отношения, помогают справляться со стрессом и приносят чувство безопасности. Важно не только физическое присутствие, но и эмоциональная вовлечённость.;Выделяй время на разговоры, объятия, совместные дела без отвлечения на гаджеты. Эмоциональный контакт важнее формальных ритуалов.;4
Знакомились с новыми людьми и/или занимались нетворкингом;Социальное окружение;Расширение круга общения развивает уверенность, открывает новые возможности и может повышать мотивацию. Нетворкинг полезен как в личной жизни, так и в профессиональной сфере.;Ставь цель периодически знакомиться с новыми людьми: на мероприятиях, в сообществах или онлайн. Будь открыт и искренен — даже короткое знакомство может принести ценный опыт.;3
Медитировали;Ментальное состояние;Медитация помогает снизить уровень стресса, улучшить концентрацию и наладить контакт с собой. Регулярная практика способствует развитию осознанности и эмоциональной устойчивости.;Выделяй 5–10 минут в день на спокойную медитацию. Используй приложения, музыку или просто фокусируйся на дыхании и телесных ощущениях.;5
Занимались дыхательными практиками;Ментальное состояние;Глубокое дыхание снижает уровень кортизола, стабилизирует сердечный ритм и помогает справляться с тревожностью. Даже несколько минут дыхания могут изменить психоэмоциональное состояние.;Включи в день хотя бы 1–2 минуты осознанного дыхания — вдохи и выдохи через нос, медленные и равномерные. Используй перед сном, в стрессовых ситуациях или утром.;3
Занимались хобби;Ментальное состояние;Хобби наполняют день смыслом, помогают расслабиться и восстанавливаться. Это способ выразить себя, переключиться от рутины и испытать удовольствие от процесса.;Уделяй хотя бы 15–30 минут в день любимому занятию — чтению, музыке, рисованию или любому другому. Даже небольшое творчество делает день богаче.;4
Вели дневник;Ментальное состояние;Запись мыслей и чувств помогает осознать внутренние процессы, снизить тревожность и структурировать мышление. Дневник может стать инструментом самоподдержки и роста.;Записывай вечером коротко 2–3 мысли о дне: что порадовало, что было сложно, чему научился. Это занимает 5 минут, но даёт ценный внутренний эффект.;3
Делали массаж;Здоровье;Массаж помогает снять напряжение мышц, улучшить кровообращение и снизить уровень стресса. Он также может облегчать боли в спине и шее, повышая общее самочувствие.;Включай массаж в рутину — профессиональный или самостоятельный. Особенно полезен после физической активности или напряжённого дня.;3
Использовали Pomodoro или менеджер задач;Работа и учёба;Работа по техникам Pomodoro и использование трекеров задач помогает управлять временем, снижать прокрастинацию и увеличивать продуктивность. Это также создаёт чувство контроля и структуры.;Планируй день заранее и разбивай задачи на короткие интервалы с перерывами. Используй приложения или бумажные списки — главное, чтобы инструмент был удобным именно для тебя.;4
Перерабатывали;Работа и учёба;Сверхурочная нагрузка вредит восстановлению, усиливает стресс и может привести к выгоранию. Даже при высокой мотивации важно не забывать о балансе.;Если работаешь сверх меры — обязательно закладывай отдых. Наблюдай за уровнем усталости и не игнорируй сигналы перегрузки.;-3